Title,Ingredients
Ayam Woku Manado,1 Ekor Ayam Kampung (potong 12)--2 Buah Jeruk Nipis--2 Sdm Garam--3 Ruas Kunyit--7 Bawang Merah--7 Bawang Putih--10 Cabe Merah--10 Cabe Rawit Merah (sesuai selera)--3 Butir Kemiri--2 Batang Sereh--2 Lembar Daun Salam--2 Ikat Daun Kemangi--Penyedap Rasa--1 1/2 Gelas Air--
Ayam goreng tulang lunak,1 kg ayam (dipotong sesuai selera jangan kecil2 ya)--2 batang serai (memarkan)--4 lembar daun jeruk--7 butir bawang putih (haluskan)--1 sdm ketumbar (haluskan)--3 ruas jari Laos (haluskan)--3 ruas jari kunyit (haluskan)--2 butir kemiri (haluskan)--secukupnya Garam--Secukupnya Air (tuk ukep ayam)--Secukupnya Minyak goreng--
Ayam cabai kawin,1/4 kg ayam--3 buah cabai hijau besar--7 buah cabai merah rawit--3 siung bawang putih--2 siung bawang merah--secukupnya Gula--secukupnya Garam--1/4 buah tomat merah--secukupnya Air--secukupnya Minyak goreng--
Ayam Geprek,"250 gr daging ayam (saya pakai fillet)--Secukupnya gula dan garam--50-100 gr tepung ayam serbaguna--Secukupnya lalapan (kemangi,kol,timun)--Secukupnya minyak panas--‚ù§sambal korek--Secukupnya cabe rawit merah dan bwg putih--"
Minyak Ayam,"400 gr kulit ayam & lemaknya--8 siung bawang putih kating, cincang kasar--1 ruas jahe, geprek--350 ml minyak goreng--1 sdm ketumbar bubuk--"
Nasi Bakar Ayam,"1 piring nasi--¬π/‚Å¥ fillet ayam, potong kotak, cuci bersih--Daun pisang yang sudah dibersihkan--Lidi/tusuk gigi untuk mengapit daun--1 lbr daun salam--3 cm serai, memarkan--1 ikat daun kemangi, opsional--1 cabe merah besar, iris tipis--1 sdt kecap manis--Minyak untuk menumis--100 ml air--Bumbu Halus:--1 cabe merah besar--3 cabe kecil--2 siung bawang merah--1 siung bawang putih--1 kemiri--1 cm kunyit--¬π/¬≤ ruas jahe--¬π/‚Å¥ tomat--1 sdt gula pasir--1 blok kaldu ayam (aku biasa pake maggy) pake royco, masako--Merica (dikira2 z takar nya, aku sdkit z sih)--"
Ayam Saus Hintalu Jaruk,"1/2 Ekor ayam--2 Butir Hintalu Jaruk--1 Buah Cabe merah--1 Buah Cabe hijau--300 gr Tepung terigu--1 bks Merica bubuk--2 Siung Bawang putih--1 Buah jeruk nipis--secukupnya Minyak goreng untuk menumis dan menggoreng--secukupnya Gula, garam dan penyedap rasa--"
Ayam saos teriyaki Lada Hitam,Ayam bagian dada dan tulang--1 buah bawang bombay--2 siung bawang daun--4 siung bawang putih--1 buah cabe merah besar--1 buah cabe ijo besar--Bahan bumbu :--secukupnya Air--Mentega untuk menumis--1 bungkus saos teriyaki (2 sdm)--1 sdm gula pasir--1 bungkus royco ayam--Larutan meizena--
Steak ayam,300 gr dada ayam fillet--1 sdm air jeruk nipis--secukupnya garam--adonan basah--50 gr terigu--10 gr maizena--1/4 sdt merica--garam--secukupnya air--adonan kering--150 gr terigu--30 gr maizena--1/2 sdt merica bubuk--1/4 sdt kaldu jamur--secukupnya garam--secukupnya minyak goreng--bahan saus jamur--50 gr jamur tiram blender--3 bawang putih cincang halus--20 gr keju parut--1 sdm maizena cairkan dgn air--2 sdm saus tiram--1 sdm kecap manis--1/2 sdt merica halus--secukupnya garam & kaldu jamur--air--bahan pelengkap--buncis dan wortel di kukus--
Ayam Saos Asam Manis Simple,1/4 kg Ayam bagian dada fillet (Potong dadu)--Secukupnya air jeruk nipis utk baluran--1 Bungkus tepung bumbu ayam instan uk besar + campur sedikit tepung terigu--3 Siung b.putih (iris tipis)--3 Siung b.merah (Iris tipis)--1 Buah b.bombay (Iris tipis)--1 Buah tomat uk besar (Haluskan)--3 sdm saos sambal--1 Sdm Saos tiram--Secukupnya Gula & garam--Secukupnya merica bubuk--
Mie Ayam Homemade by suamiüòÇüòÇüòÇ,Bahan mie ayam :--1 kg tepung terigu proteiin tinggi--4 butir telur--3 sendok minyak goreng--Air--Secukupnyaa garam--Air untuk merebus mie :--secukupnya Air--Minyak goreng--Bumbu halus kuah ayam untuk mie ayam :--3 Dada ayam(potong kotak2 jngn terlalu besar)--5 siung bawang merah--5 siung bawang putih--4 buah kemiri--secukupnya Lada--Secukupnya ketumbar--Jahe--Lengkuas--2 lembar sereh--5 lembar daun jeruk--2 lembar daun salam--Kecap--Gula merah--Minyak untuk menumis--Bahan pelengkap :--Daun bawang--Sawi hijau--Bawang goreng(me gak pakai lupa)--Bahan sambal :--20 buah cabai rawit merah--Garam(agar tidak cepat bau asam)--Air untuk merebus--
Ayam Bakar Pedas Manis Resep :Nila Sari,1 Ekor Ayam Broiler Ukuran Jumbo--Bumbu :--5 Siung Bawang Merah--10 Buah Cabe (Optional)--1 Ruas Jahe--1 Ruas Kunyit--Secukupnya Lada Bubuk--Secukupnya Ketumbar--2 Lembar Daun Jeruk--3 Lembar Daun Salam--1 Batang Serai--4 Siung Bawah Putih--Secukupnya Kecap--Secukupnya Gula Merah--Secukupnya Minyak Goreng--Secukupnya Royco--Secukupnya Garam--1 Bungkus Santan Kara--
Semur Ayam Kentang Ala Mama Kirana,"1/2 Ekor ayam--Kentang--Bumbu Halus :--Bawang putih - bisa di sesuaikan sesuaikan--Bawang merah--Merica--Kemiri--Sedikit biji Pala--Cabai Merah kriting, bila suka pedas--Sedikit jahe--Rempah:--Daun salam--Lengkuas--Sereh--Kapulaga--Kulit manis--Irisan bawang bombay--Irisan tomat--Garam--Kecap manis--Sedikit penyedap rasa--Jeruk nipis untuk ayam--"
Ayam suwir,300 gram Ayam suwir (sudah direbus/Goreng)--5 siung bawang merah--3 siung bawang putih--1/2 buah tomat--1/2 sdt merica--1/2 sdt terasi--2 buah cabe rawit--2 buah cabe kriting--Secukupnya gula--Secukupnya garam--Secukupnya air--Secukupnya penyedap rasa (Royco)--2 lembar daun salam--1 jari Lengkuas geprek--
Ayam goreng tepung,150 gr fillet ayam--5 sdm tepung bumbu serbaguna--1 butir telur ayam (kocok lepas)--Garam sck--Minya goreng secukupnya untuk menggoreng--
Tulang Ayam Pedas Manis,1/2 kg tulang ayam bersihkan lalu potong--5 bh cabe merah keriting--5 bh cabe rawit (tambah jika suka pedas)--4 butir bawang merah--2 butir bawang putih--1 ruas kunyit--2 lbr daun salam--1 lbr daun jeruk--1 btg sereh geprek--1 ruas jahe geprek--1 btr jeruk nipis--secukupnya kaldu bubuk--secukupnya gula pasir--secukupnya kecap manis--500 ml air untuk merebus tulang--minyak untuk menumis--
Ayam penyet rumahan,"1 ekr ayam negri cuci bersih ptng beri air jeruk nipis cuci lagi--1 buah jeruk nipis--Bumbu ayam goreng jd,yg bsah. bisa beli di pasar,aku beli 3rb--2 lmbr daun salam--2 lmbr daun jeruk--1 btng sere geprek--Garam secukupnya dan penyedap--secukupnya Minyak goreng--Sambel penyet:--20 buah cabe rawit merah--5 buah cabe merah--2 siung bawang p kating--5 buah bawang merah goreng sebentr--Penyedap dan sedikit gula--"
Sop ayam,1 kg ayam potong kecil kecil--1/2 kg ceker ayam bersihkan--1/2 kg kentang iris--1/2 kg wortel iris--1 mangkok makaroni (rebus)--2 batang daun bawang (sesuai selera)--4 batang daun seledri (sesuai selera)--Bumbu dihaluskan :--8 siung bawang merah--5 siung bawang putih--Tambahan :--1 sendok teh lada halus--secukupnya Garam--Penyedap rasa (bila Sun's saya pake gula aja)--
Ayam suwir,400 grm dada ayam--3 lembar daun jeruk--4 siung bawang putih--6 siung bawang merah--1 cm jahe--1 cm kunyit--secukupnya Garam dan gula--Minyak untuk menumis--
Nugget Ayam Home Made,"1/4 kg ayam d fillet ambil dagingnya aja--1 buah wortel--1 buah daun bawang prei--4 siung bawang putih--8 siung bawang merah--1 sdt merica--1/2 kg tepung tapioka--2 telur ayam--Garam, penyedap rasa--Tepung roti/ tepung panir--"
Gurame Saus Padang,Bahan utama:--1 ekor gurame--Bumbu untuk saus:--4 siung bawang putih (cincang halus)--3 siung bawang merah (cincang halus)--15 bh cabai merah (giling) banyaknya cabai sesuai selera yaüòä--7 buah cabai rawit iris tipis (sesuai selera)--1/2 bawang bombang iris--Saus tiram--Saus tomat--Garam--Gula--Lada--1 bh wortel iris tipis memanjang (opsional)--1 buah tomat potong dadu (opsional)--1 batang irisan daun bawang--1 ruas jahe ukuran kecil iris tipis--Tepung maizena--250 ml air--Bumbu untuk menggoreng ikan :--Tepung beras--Tepung terigu--Garam--Jeruk nipis/ lemon--Minyak sayur--
Ikan Kembung Bakar Teflon,"1/2 kg ikan kembung sate, bersihkan--1 buah jeruk sate/jeruk kunci--1 sdm garam halus--2 sdt lada bubuk--1 sdm ketumbar bubuk--"
Mujaer asam pedas manis,1/2 kg ikan mujaer (stok gurame habis)--2 buah Wortel potong korek api--1 siung bawang bombai--7 siung bawang putih--13 cabai rawit--4 siung bawang merah--2 sendok makan Saos tomat--2 sendok makan Saos tiram--Garam--Merica--100 ml air matang--Jahe--Jeruk nipis--
Gurame Asam manis,"1/2 kg ikan gurame--2 buah wortel (potong seperti batang korek api)--Bumbu--5 siung bawang merah--4 siung bawang purih--1 bh tomat--Cabe besar (selera brp j)--Cage kecil (selera brp j)--2 sacet Saos sambel--Saos tomat (q pakek Saos botolan)--Bahan tambahan--Tepung maezena--Kunir--Garam, gula, merica ladaku--"
Asam padeh ikan tuna,1/2 kg ikan tuna--6 siung bawang merah--4 siung bawang putih--2 ruas kemiri--2 batang serai--2 ruas kunyit--2 ruas laos--4 lembar daun jeruk--1 lembar daun kunyit--2 buah asam Kandis--4 buah belimbing hulu--6 buah cabai merah (bisa disesuaikan)--10 buah cabai rawit (bisa disesuaikan)--3 gelas air--2 sendok garam--1/2 sendok gula--
Avocado Tuna Salad,1 kaleng Tuna Chunks--2 butir telur rebus--3 buah kentang rebus--2 buah avocado--2 buah bawang merah--12 biji zaitun--1 buah timun--Sebongkol daun salada/lettuce--secukupnya Garam & merica--
Lele Asam Manis,1/2 kg Lele Segar--180 ml air--3 sdm kecap manis--1 sdm margarine/minyak--1/2 sdt saus tiram (optional)--Bumbu halus :--6 siung bawang merah--5 siung bawang putih--4 cabe merah (bisa lebih sesuai selera)--2 buah kemiri--1 sdt garam (sesuai selera)--1/2 sdt penyedap rasa (sesuai selera)--1/2 sdt gula pasir (sesuai selera)--
Pempek kulit ikan tenggiri,500 gr kulit ikan tenggiri halu--200 cc air matang--1 sdt garam--1 sdt Penyedap/ kaldu jamur--1/2 sdt merica--1/2 sdt gula--60 ml santan kental--5 siung bawang putih--5 siung bawang merah--350 gr sagu tani--2 sdm terigu--100 gr sagu untuk balur--
Tumis Tongkol Petai,2 bungkus tongkol--2 cabe gendot--2 papan petai--2 cabe rawit--2 bh cabe merah--3 bh b. Merah--3 bh b. Putih--2 lembar daun salam--Secukupnya garam--Secukupnya gula putih--
Ikan Patin pedas manis,500 gr ikan patin--5 siung bawang merah iris tipis--4 siung bawang putih iris tipis--1/2 bawang bombay ukuran kecil iris tipis--Cabai merah keriting (sesuai selera) iris tipis--Cabai rawit setan (sesuai selera) biarkan utuh--1 ruas lengkuas digeprek--2 lembar daun jeruk--2 sendok makan kecap--3 batang bawang daun iris tipis--
Gurame tahu tauco,1 ekor gurame--1 buah tahu kotak--1 buah jeruk nipis--1 buah bawang bombay--3 siung bawang putih--1 jari jahe--3 buah cabe hijau besar buang biji--2 buah cabe merah besar--5 sdm tauco--Kecap asin--Kecap manis--Saos tiram--Minyak wijen--1 sdt Angciu--
Ikan Patin,"5 potong Ikan patin--1 buah Jeruk nipis--1 buah Tomat uk. sedang--3 buah Cabai hijau keriting (boleh lebih)--2 buah Cabai rawit/ cengek (boleh lebih)--1 batang serai (geprek)--1/2 ruas Lengkuas (geprek)--Bumbu-bumbu dihaluskan--8 siung Bawang merah--2 siung Bawang putih--5 buah Kemiri--1 sdt Kunyit bubuk--1 buah Cabai merah besar--Nb: Jika hoby pedas, tambahkan cabai sesuai selera masing-masing üòä--"
2. Gulai Ikan Kakap Merah khas Padang,"2 ekor Ikan Kakap merah ukuran agak besar, potong 2--1/2 papan Tempe--Bumbu Halus :--10 siung Bawang merah--5 siung Bawang putih--4 cm Jahe--4 cm Kunyit--Bahan tambahan :--2 sdm Cabe giling halus--2 lbr Daun kunyit--8 lbr Daun jeruk--2 btg Sereh--4 lbr Daun salam--4 bh Asam kandis--Daun ruku ruku segenggam (bisa diganti daun kemangi)--15 butir Rawit merah--200 ml Santan kara--500 ml Air--"
Gurame crispy asam manis ala amih fatih,Bumbu ikan :--1 ekor ikan gurame fillet--1 buah jeruk nipis--1 sdt lada bubuk--1/2 sdt garam--1 siung bawang putih--1 pack tepung serbaguna pedas--1 buah telur kocok lepas--Saus :--1 buah bawang bombay iris--1 buah bawang putih iris--1 buah wortel potong sesuai selera--1 sdm saus tiram--5 sdm saus tomat--6 sdm saus sambal--secukupnya Gula--secukupnya Garam--secukupnya Lada--secukupnya Air--
Balado Tongkol & Tahu,1 buah ikan tongkol sedang (iris menjadi 10 Bagian)--5 buah tahu ukuran lecil--2 lembar daun jeruk--secukupnya Gula & garam--Bumbu halus :--5 buah bawang merah--2 buah bawang putih--10 Cabe Merah--5 cabe rawit--1 buah tomat--1 buah Gula merah ukuran sedang--
Balado Ikan Sarden,5 ekor ikan sarden--Jeruk nipis--secukupnya Garam--Bumbu balado--15 buah Cabe keriting--5 siung bawang merah--1 buah tomat--secukupnya Garam + gula + penyedap rasa--
Ikan Nila (saos pedas asam manis),1 ekor ikan nila ukuran jumbo--1 ons Selada--3 batang buncis (di potong panjang)--1 buah kentang (di bagi 4)--1/2 wortel (di potong korek api)--Bahan saos :--1 bawang bombay ukuran kecil--3 siung bawang putih--7 sdm saos sambal--5 sdm saos tomat--3 sdm saos tiram--1 sdt garam--1 sdt lada / merica bubuk--Minyak goreng--4 gelas air--
Sarden kangkung üòò,"1 kaleng ikan sarden(botan)--1 gengam kangkunng (pucuknya saja, cuci bersih)--4 siung bawangputih(iris)--5 siung bwng mrah(iris)--sesuai selera Cabe rawit--1 btng daun bwang(iris)--1 btng sereh(gprek)--2 ruas jari jahe(geprek)--2 lbar daun jeruk--secukupnya Garam--secukupnya Royco--secukupnya Gula--secukupnya Kecap--secukupnya Air--Minyak untuk menumis bumbu--1 kaleng ikan sarden(botan)--1 gengam kangkunng (pucuknya saja, cuci bersih)--4 siung bawangputih(iris)--5 siung bwng mrah(iris)--sesuai selera Cabe rawit--1 btng daun bwang(iris)--1 btng sereh(gprek)--2 ruas jari jahe(geprek)--2 lbar daun jeruk--secukupnya Garam--secukupnya Royco--secukupnya Gula--secukupnya Kecap--secukupnya Air--Minyak untuk menumis bumbu--"
Bandeng presto,"3 kg bandeng,bersihkan--Bumbu halus :--3 ruas jari kunyit--5 buah bawang merah--7 buah bawang putih--1 ruas jahe--1/2 sdt ketumbar--Secukupnya garam--Bumbu cemplung--2 ruas lengkuas--2 lembar daun salam--1 batang serai--2 lembar daun jeruk--Secukupnya air--Secukupnya kocokan telur--"
1. Pesmol Ikan Kerapu,3 ekor ikan kerapu potong 2--Bumbu halus :--8 siung Bawang merah--4 siung Bawang putih--3 cm Jahe--3 cm Kunyit--6 butir Kemiri--Bumbu pelengkap :--6 lbr Daun jeruk--4 lbr Daun salam--1 btg Sereh--Lengkuas 3 cm (digeprek)--Cabe rawit 15 bh (sesuai selera)--1 bh Tomat kecil--1 bh Wortel kecil--2 btg Daun bawang--Jeruk nipis 1 butir (ambil airnya)--Air 100 ml (dapat ditambah jika ingin agak berkuah)--Garam--Gula--
.Sate Kambing,Bahan-bahan :--500 gr Daging kambing--Daun pepaya--Bumbu yang dihaluskan :--4 siung bamer--4 siung baput--2 cm jahe--1 sdt ketumbar--1/2 sdt lada bubuk--1/2 sdt Garam--1 sdm air asam jawa--Bahan sambel kecap :--Kecap manis sesuai selera (aku pake bango)--Cabe rawit--Bamer--Tomat--Jeruk limau--
Rabeg Kambing,1 kg daging kambing bagian paha beserta tulang--Bumbu halus--100 gr cabe--7 siung bawang putih--8 siung bawang mersh--7 butir kemiri--2 cm jahe--1 ruas kunyit--1/2 sdt klabet--1/2 sdt jinten--Bumbu lain--1 batang sereh--3 lembar daun salam--2 cm kayu manis--5 butir cengjeh--3 kapulaga hijau--5 sdm kecap manis--Garam--Gula--Pelengkap--Acar--Bawang goreng--
Gulai kambing,"500 gram daging kambing--Bumbu :--sesuai selera Santan--2 btng serai,memarkan--5 lembar Daun Salam,jeruk--sesuai selera Cabe--2 btr Cengkeh--Bumbu halus:--5 siung bawng merah--4 siung bwng putih--5 butir kemiri--2 cm kunyit--2 cm jahe--2 cm lengkuas--1 sdt ketumbar--Mrica,pala,garam,gula seckpnya--"
Sayur tulang kambing,1.5 kg tulang sumsum kambing(direbus dahulu)agar bau amis hilang--Kacang panjang--Pepaya muda--10 buah Cabe rawit--2 buah Cabe merah besar--2 buah Cabe hijau besar--5 bawang putih--5 bawang merah--2 miri--Garam--1 bungkus masako--1/2 sendok makan Gula putih--Minyak goreng--Irisan potongan bawang merah 5 siung--Irisan potongan bawang putih 5 siung--Santan kelapa--
Sate Kambing,300 garam daging kambing--1/2 buah jeruk nipis--secukupnya kecap manis--bumbu kacang:--100 gram kacang tanah goreng--3 siung bawang merah--2 siung bawang putih--1 buah cabe merah besar--5 buah cabe rawit merah (sesuai selera)--2 butir kemiri--4 lembar daun jeruk--200 ml air--2 sdm kecap manis--2 sdm gula merah iris--secukupnya garam--bahan tambahan :--acar wortel timun bawang cabe rawit--bawang goreng--
Sop Kaki Kambing,"4 kaki kambing--2-3 buah kentang, potpng dadu besar--3-4 batang daun bawang, iris 2 cm--2-3 L air panas--2-3 sdm minyak utk menumis--Bumbu halus:--4 buah bawang merah--8 buah bawang putih--1 sdm garam--1 sdt lada bubuk--1/2 sdt pala bubuk--Bumbu lainnya:--5 buah cengkeh--4 buah kapulaga india--1 batang kayu manis--2 buah star anise--4 lembar salam koja (bay leaves)--"
Kari kambing ala bundo,"Daging kambing ¬Ω kg, potong-potong, lumuri dengan sedikit bumbu halus dan biarkan 15 menit--10 siung bawang merah, iris halus--1 buah tomat, potong tipis--6 butir cengkeh--3 buah peka--5 buah kapulaga--9 siung bawang putih, iris halus--500 ml santan dari 1 butir kelapa (1,5 bungkus segitiga santan kemasan)--150 ml susu cair--500 ml air--3 ruas jari kayu manis--2 lembar daun jeruk purut buang tulangnya--10 lembar daun kari--1 sdt  Garam dan gula sedikit hanya untuk menambah rasa--secukupnya Minyak goreng--Bumbu halus:--1/2 sendok teh jinten, sangrai--1 sendok teh adas, sangrai--10 siung bawang merah--15 buah cabai merah--10 buah cabai rawit merah--6 siung bawang putih--1 sendok makan ketumbar, sangrai--2,5 cm/ 1 ruas jari  jahe--5 cm/ 2 ruas jari  kunyit (diameter kecil)--2,5 cm/ 1 ruas jari  lengkuas--"
Tongseng kambing presto,250 gram iga kambing / daging kambing--200 gram kol--bumbu halus :--4 siung bawang merah--4 siung bawang putih--1 ruas kunyit bakar--3 buah kemiri sangrai--1 sdt ketumbar sangrai--1/2 sdt jinten--2 buah cabe merah besar--1 ruas jahe--bumbu tambahan:--4 lembar daun jeruk--2 batang sereh--1 ruas lengkuas--2 batang daun bawang--2 buah tomat--5 buah cabe rawit merah--2 sdm santan kara--secukupnya gula garam--
Telor dadar otak kambing,Otak kambing--2 butir telor ayam--Penyedap masako--3 siung Bawang merah--1 siung Bawang putih--Daun bawang secukupnnya--Cabe rawit 3 biji adanya--Garam--1 lembar Daun salam--Jahe kunyit seujung jari kelingking dikit aja--Minyak untuk numis--
Sate kambing siram sambal bawang kecap,"Bumbu daging--1 kg daging kambing--1,5 sdt ketumbar--1 bungkus royko--1 sdt gula--1,5 sdt bawang putih bubuk(3 siung bawang putih)--2 sdm minyak goreng--secukupnya Garam--secukupnya Kecap--Untuk kuah--3 siung bawang merah--6 buah cabe rawit--secukupnya Kecap--"
Gule kambing pedas #keto,500 gr iga kambing--250 gr daging kambing dengan lemak--Bumbu halus--3 cm Jahe--5 siung bawang putih--10 siung Bawang merah--1 sdm garan--4 cm kunyit (bakar)--3 butir cengkeh (sangrai)--2 buah pekak/kembang secang/star anis (sangrai)--4 butir kapulaga--1/2 sachet stevia (kalo suka)--1 st lada bubuk--kemiri (sangrai/goreng)--10 cabe merah keriting--15 cabe rawit setan (kalo suka)--Bahan tambahan--2-3 lembar daun jeruk--1 lembar daun kunyit (ikat)--2 batang serai--2-3 daun salam--2 sdm air Asam kandis--1 liter santan cair (1/2 sachet kara yg 65ml)--1 liter santan kental (1.5 sachet kara 65ml)--2 liter Air--secukupnya Minyak goreng--
Sate Kambing Maranggi,"1 kg daging kambing potong agak besar karena daging mudah empuk--Secukupnya tusukan sate--Secukupnya kecap manis--1/4 nanas uk kecil atau 1/8 nanas uk sedang--Bumbu dihaluskan :--8 bawang putih--5 bawang merah--1 sdm ketumbar--1 sdm gula merah--1/4 sdt garam--Bahan sambal kecap :--10 bawang merah, potong2 kecil--20 cabe rawit, potong kecil--2 tomat merah besar, potong kotak kecil--1 bh jeruk sambal--Secukupnya kecap manis--"
Soto babat kambing madura,"Jeroan kambing babat,usus campur--Bumbu halus ;--Bawang putih--Bawang merah--Merica--Bumbu yg di iris ;--Jahe--Lengkuas--Kunyit--Daun jeruk--Daun salam dan sereh sy gak pake karna lg kehabisan stok--Bahan pelengkap ;--Soun--Toge--Bawang daun dan seledri--Bawang putih dan merah goreng--Garam dan royco sapi--Sambel uleg--Jeruk nipis--"
Oseng-oseng tulang kambing pedas,1 kilo tulang kambing yang sudah di potong kecil--2 siung bawang putih--5 siung bawang merah--1/4 cendok teh lada putih--8 buah cabe rawit atau sesuai selera--Minyak goreng--Kecap manis--Garam--
Tongseng kambing,1 kg daging kambing muda--1/2 buah kubis--2 bungkus santan kara ukuran kecil (65ml)--500 ml air panas--Bumbu merebus daging:--4 lembar daun salam--secukupnya Air--Bumbu halus:--12 siung bawang merah--6 siung bawang putih--12 buah cabe merah--12 buah cabe rawit (sesuai selera)--1 sdt mrica--1 sdt ketumbar--3 buah kemiri--1 ruas jari jahe--1 ruas jari kunyit--Bumbu lainnya :--2 ruas jari lengkuas--3 batang sereh (memarkan)--3 lembar daun salam--3 lembar daun jeruk--secukupnya Garam--4 sdm Kecap manis--sedikit Gula--10 sdm minyak goreng untuk menumis--1/2 lada bubuk (sebagai kolerasi rasa)--Bumbu pelengkap:--5 siung bawang merah (iris tipis goreng)--10 buah cabe rawit (potong2)--2 buah tomat (potong menyisir)--
Gulai Kambing,"1/2 kg daging kambing, potong ukurannya sesuai selera--secukupnya Air untuk merebus pertama--Air untuk rebusan kedua--250 ml santan kental--2 sdm minyak untuk menumis--Bumbu- bumbu--8 butir bawang merah--6 butir bawang putih--3 butir kemiri--1 sdt ketumbar--1/2 sdt jinten--1 sdt merica--1 ruas jahe--1 sdm cabe giling--2 batang serai keprek--1 ruas lengkuas--3 cm kayu manis--2 lembar daun salam--3 lembar daun jeruk--3 buah cengkeh--2 buah kapulaga--3 buah cabe merah iris--1 buah tomat belah 4--secukupnya Bawang daun dipotong--1 sdm garam--secukupnya Bumbu penyedap--"
Oseng kambing kecap asam manis simple,"1/4 kg daging kambing,potong sesuai selera--5 siung bawang merah--2 siung bawang putih--Secukupnya kecap manis--Secukupnya gula merah--Secukupnya garam--Secukupnya asam kanji--2 gelas air--Secukupnya cabe rawit (jika suka)--"
Tongseng Kambing,1/2 kg daging kambing campur tulang--Secukupnya minyak untuk menumis--1 liter air--500 ml santan--3 lbr daun jeruk--2 lbr daun salam--1 buah serai memarkan--3/4 bungkus bumbu gulai siap pakai--Secukupnya kecap manis--Haluskan :--1 sdm ketumbar sangrai--5 siung bawang merah--3 siung bawang putih--1/2 sdt garam--Secukupnya merica butiran--Pelengkap:--Daun bawang--Kol--Tomat--Bawang merah goreng--
Tongseng Kambing Enak,"400 gr daging kambing--Daun salam--2 cm lengkuas--2 batang serai--3 bungkus Kara santan, encerkan dengan 700ml air--Bumbu Halus;--5 siung bawah merah--4 siung bawang putih--1 ruas kunyit, dibakar--3 kemiri, sangrai--1 sdt ketumbar--1/2 sdt lada--2 cm jahe--Bumbu tumis ;--2 siung bawang merah, iris--3 siung bawang putih, geprek--20 buah cabe rawit merah, iris (tergantung selera pedasnya)--Kecap (sesuai selera manisnya)--3 tomat hijau/ 1 tomat merah--Garam--"
Balado kentang dan ati kambing,Ati kambing--2 buah kentang--Sambal balado--4 cabe merah--6 cabe rawit--4 siung bawang merah--1 siuang bawang putih--1 buah tomat uk besar--Daun salam--
Beef Teriyaki,"250 gr daging sapi--1 siung bawang bombai--5 siung bawang putih--1 sachet saus teriyaki (sy pk yg saor*, bsa diganti saus tiram)--1 sdm kecap manis--secukupnya garam--secukupnya lada--secukupnya gula--secukupnya penyedap rasa--"
Rendang Sapi,1 kg daging sapi--4 butir kelapa untuk 2L santan kental--Bumbu dihaluskan :--200 gram Cabe merah--1/2 cm Jahe--2 sdm ketumbar sangrai--10 butir kapulaga--10 butir cengkeh--2 butir bunga lawang--1 buah biji pala--13 butir bawang merah--7 butir bawang putih--25 buah cabe rawit (jika suka pedas)--3 cm lengkuas dipipihkan--2 buah serai dipipihkan--3 lembar daun jeruk--3 lembar daun salam--2 lembar daun kunyit--1/2 sdm garam (tambahkan jika kurang asin)--1 sdt kaldu bubuk (optional)--
Tongseng daging sapi pedas,"300 gr daging sapi (iris tipis panjang)--Bumbu halus :--7 siung bawang merah--4 siung bawang putih--2 cm jahe--1,5 cm kunyit--3 bh kemiri--5 cabe merah keriting--Bumbu pelengkap :--2 batang sereh--2 daun salam--2 daun jeruk--5 bh cabe rawit merah utuh--Toping--1 bh tomat besar (iris sedang)--Kol secukupnya menurut selera (iris sedang)--"
Semur Daging Sapi,"1/2 kg daging sapi--1 biji bawang bombay--2 siung bawang putih 5--5 siung bawang merah--1 bungkus ladaku--1 bungkus royco sapi--3 lembar daun jeruk--1 bunga lawang--2 biji jeruk nipis--Secukupnya kecap manis, gula pasir--Air--"
Tongseng daging sapi,500 gram Daging sapi--Santan (boleh pakai kara 1 bungkus/ kelapa parut 1/2 buah)--Bawang merah 12 siung (6 siung untuk bawang goreng)--8-10 siung Bawang putih--1/4 Kubis--2 buah Tomat--5 pcs Daun bawang--6 cm Kunyit--5 cm Jahe--6 cm Lengkuas--3 lembar Daun salam--3 lembar Daun jeruk--5 pcs Kemiri--1 sdt Ketumbar--1 sdm Kecap--2 pcs Cabai merah--10 pcs Cabai rawit--secukupnya Garam--secukupnya Penyedap rasa--1 bungkus Merica bubuk ladaku--
Beef black pepper spaghetti,"220 gram spaghetti la fonte, rebus sampai al dente--1 ons daging sapi, iris lawan arah--Bahan perendam daging:--secukupnya Saus tiram--secukupnya Kecap asin--secukupnya Soda kue--Bumbu black pepper instant (merk my taste)--1 siung baput besar cicang kasar--1/2 babom potong kotak--2 helai Daun bawang potong 2cm--secukupnya Kecap asin--"
Carbonara Linguine smooked beef,"Pasta linguine (bisa pasta lain) sesuai selera +/- 200gr--3 strip smooked beef potong kecil-kecil--Keju parmesan atau sering saya ganti cheddar--1/4 bagian awang bombay kecil--1 siung kecil awang putih (selera)--Susu full cream / cooking cream--1 butir telur--Lada, garam--Daun basil--2 sdm margarin--"
Semur Jantung Sapi,1/5 kg jantung sapi--‚ñ™Ô∏èbumbu halus ‚ñ™Ô∏è--5 siung bawang putih--4 siung bawang merah--1 sdt ketumbar--1 sdt lada putih--4 butir cengkeh / 1/4 sdt cengkeh--secukupnya Garam--secukupnya Pala--1/4 sdt jinten--1/4 sdt jahe bubuk atau 1 cm jahe biasa--2 buah kemiri--‚ñ™Ô∏èbumbu tambahan ‚ñ™Ô∏è--1 sdm kecap inggris atau sesuai selera--1 sdt saori teriyaki--secukupnya Royco--1 buah gula merah--Kecap secukupnya atau sesuai selera--secukupnya Vetsin--secukupnya Gula putih--Air putih 500 ml atau di sesuaikan dengan banyaknya jantung yang akan di masak--Bawang bombay 1 buah (ukuran di kira-kira saja)--Delmonte barbeque sauce 3 atau 4 sdm--(Opsional) 4 buah cabe hijau kecil--
Daging sapi cincang taousi cah buncis,1 ons daging sapi (cincang)--1/4 buncir atau kira2--bumbu--bawang putih--taousi hitam--lada bubuk--garam--gula pasir--royco kaldu sapi atau ayam--minyak wijen--kecap asin--
Sayur asem kacang merah daging sapi,1/4 kg kacang merah--1/4 kg daging sapi--5 siung bawang merah--2 siung bawang putih--2 buah cabe merah--1 butir tomat--Asam jawa--1 Batang daun bawang--Gula merah--Garam--Sedikit bumbu masak--2 lembar salam--
Orak arik telur daging sapi,1/2 kg Daging sapi--Bawang putih 1 bungkul cincang halus--Telur 5 biji kocok beri sedikit garam--Minyak wijen--Penyedap rasa--
Se'i Sapi Khas Kupang,"1 daging Se'i Sapi--2 siung Bawang merah--4 siung Bawang putih--1/4 Bawang Bombay--13 buah cabai rawit (sesuai selera)--2 buah cabai merah keriting (sesuai selera)--1 ikat kecil kemangi, siangi--1/2 buah tomat--secukupnya lada bubuk--secukupnya saos tiram--secukupnya kecap manis--sedikit minyak goreng--secukupnya garam--secukupnya gula--secukupnya air--"
Beef steak saus jamur,1/4 kg daging sapi--1/4 kentang--7 buah buncis--2 buah wortel--Marinated--Secukupnya merica bubuk--Secukupny lada hitam--Bikin saos steakny--2 sdm mentega--1 ons jamur kancing--1 buah bawang bombay--4 sdm saus tiram--Secukupnya penyedap rasa--Secukupnya gula--1 sdt tepung maizena--Secukupnya garam--
Tumis Daging Sapi,"500 gr daging sapi--1 bh bawang bombay--1 siung bawang putih--1 ruas jahe--5 bh cabe ijo besar--5 bh cabe ijo keriting--1 sdm saus tiram--1/2 sdt garam, gula pasir, merica bubuk--Saus marinasi:--2 sdm kecap manis--1 sdm kecap asin--1 sdm minyak wijen--"
Bola-Bola Kornet Sapi,1 kaleng kornet sapi (merk kornetku)--1 sachet tepung bakwan (pake 1/2 nya)--Minyak--
Sayur sop daging sapi no MSG no Gula,1/4 daging sapi (potong kotak2)--sesukanya wortel--1 buah kentang--sesukanya kol--seledri--bawang daun--1 buat tomat besar--bumbu :--merica butir ulek--bawang merah (sesukanya)--3 siung bawang putih (geprek)--secukupnya garam--air matang----
Beef teriyaki,250 gr daging sapi tanpa lemak--Saus:--2 sachet saori teriyaki--2 sdm kecap--1 sdm minyak wijen--1 sdt kecap asin--2 bw putih cincang--1 ruas jahe cincang--2 bw bombay--Cabe hijo buat cantik2--
Asem asem daging sapi,"1/4 kg daging sapi, cui lalu potong kecil2--100 gram buncis poton2--2 buah wortel, kupas lalu potong potong--1 buah tomat iris2--Bumbu2--Asam jawa secukupnya sampai didapat rasa asam yg diinginkan--4 siung bawang merah iris--4 siung bawang putih iris--1/2 bawang bombay iris--6 buah cabai hijau besar iris--4 buah cabai merah keriting iris--1 lembar Daun salam--Laos geprek--Kecap manis--Garam--Gula--Penyedap rasa--"
Spicy Beef Teriyaki (uenakk),300 gr sapi lulur dalam (di iris agak tipis)--selera Cabai rawit--1 buah bombay (ukuran sedang)--1 buah daun bawang/pere--2 sdm mentega--1 sdm madu--Bumbu marinasi :--4 siung bawang putih (parut)--1 cm jahe (parut)--1 sdm mirin (tidak ad boleh skip)--2-3 sdm saus/kecap teriyaki--1 sdt garam--1 sdt gula--1 sdt merica bubuk--
Martabak tahu pedas kulit lumpia,12 lembar kulit lumpia--4 buah tahu putih--2 batang daun bawang (iris halus)--1 batang daun seledri (iris halus)--3 btr telur (sy pakai 2 aja krn agak besar)--1 sdm terigu + 2 sdm air (sbgai lem kulit lumpia)--Sckpnya minyak utk menggoreng--Bumbu halus :--3 siung bawang putih--1/2 bks lada/merica bubuk--Sckpnya garam gula dan kaldu bubuk--3-4 cabe merah kriting iris serong--2 buah wortel agak kecil parut kasar--
Batagor (Bakso Tahu Goreng) ala rumahan anti gagal,Bahan batagor--3 kotak ukuran kecil tahu kuning--5 sdm tepung terigu--1/2 sdm mentega (supaya kriuk2)--2 buah bawang putih--Garam (secukupnya)--Merica (secukupnya)--Air putih matang (secukupnya)--Bahan saus--2 sdm saus cabe (saya pake indofo**)--1/2 siung bawang putih--2 cabe rawit (sesuai selera ya karna suami saya gak suka pedas)--Kecap (secukupnya)--Air matang (secukupnya)--
Sayur Sutace (sop tahu ceker),1/2 kg ceker ayam--4 buah wortel ukuran sedang--6 buah wortel--sesuai selera Kol--sesuai selera Daun bawang--sesuai selera Seledri--4 buah tahu kuning--Garam--Gula putih--Penyedap rasa (ma**ko)--Lada bubuk--Jeruk nipis--2 siung Bawang Putih--2 siung Bawang merah--
Sapo Tahu Ayam ala Meyüëå,"1 bks Tofu--5-10 bh filet ayam--1 bh wortel, iris tipis menyerong--5 bh jagung muda, iris tipis menyerong--1/2 kuntum bunga kol, pisahkan jd kuntum2 kecil--5 lbr pakcoy, iris 4-5 bag/lbr--2 lbr daun kol, iris2--2 sdm saos tiram--3 sdm kecap asin--1-2 sdm Royco ayam--1,5 gls air--Pengental : 1/2 gls air + 1 sdm sagu--Bumbu halus :--7 bh bamer--4 bh baput--1 sdt lada halus--Minyak utk menumis--"
TTKK (tahu telur timun tauge kuah kacang),1 butir telur--1 tahu--secukupnya Timun--secukupnya Tauge--Kuah kacang :--Kacang tanah disangrai--Bawang merah--Bawang putih--Cabe kering--Cabe rawit--Gula merah--
Perkedel Tahu Wortel Sederhana,1 bks tahu putih--1 batang wortel (potong kecil-kecil)--1/2 bks Masako ayam--secukupnya Lada bubuk--1 btr telur ayam (kocok)--2 sdm terigu--Minyak untuk menggoreng--
Kari tahu telur kentang,"4 butir telur rebus--4 buah tahu, potong 8 bagian lalu goreng berkulit--2 buah kentang, potong 4 bagian--1 bks santan kara ukuran kecil--1000 ml air / kaldu--5 buah cengek utuh (tambahan dari saya)--Haluskan :--1 buah cabe merah buang biji--5 siung bawang merah--2 siung bawang putih--1 sdm bumbu kari instant--2 butir kemiri--1/4 sdt ketumbar--1/2 sdt merica bubuk--1/8 sdt pala bubuk--2 ruas jari kunyit--Rempah cemplung--1 batang sereh, geprek--2 cm lengkuas--1 cm jahe--2 lembar daun jeruk--1 lembar daun salam--Secukupnya asam jawa--Garam / kaldu bubuk--Gula pasir--"
Sundubu Jjigae (sup tahu pedas ala2 korea),"1 bungkus tahu putih, potong2 besar--1/2 ons toge--1/2 ons kol--1-2 ons sawi putih--1 tangkai daun bawang, iris serong agak tebal--1/2 bulat bawang bombay, iris memanjang--2-3 botol air--2-3 sdm perasan jeruk nipis/limau/lemon--1 telur, kocok lepas--Bumbu halus :--3 cabe merah besar--3 cengek merah (ini pedesnya sedang)--3 bawang merah--1 bawang putih--1 tomat sedang--"
Nugget Tahu Ekonomis Anti Gagal,"5 buah tahu(1kg an) sy: sekitar 700g--1 butir telur--4 siung bawang putih, haluskan--1/2 bks ladaku--Secukupnya garam(sy: garam di skip)--2 bks royco sapi(sy: 1 bks)--2 buah wortel,kupas kulitnya, lalu parut--1 btg daun bawang, iris halus--Bahan pelapis:--Secukupnya telur, kocok lepas--Secukupnya tepung roti/panir/bread crumb--"
Tahu Petis musim ujan,"1 sdm petis--2 bh cabe rawit,rajang--2 bwg pth,rajang halus--4 bwg mrh,rajang halus--Secukupnya garam--1/2 sdt maizena,larutkan dg 100 ml air--"
Sayur tahu jengkol,10 buah tahu kuning--1/4 jengkol--2 bungkus Santan kara--Garam--Kaldu bubuk--Gula putih--Daun salam--Bumbu halus :--6 siung bawang merah--5 siung bawang putih--8 buah cabe merah besar--5 butir kemiri--
Sapo Tahu No Seafood,"2 pcs Egg Tofu (potong2 ketebalan sesuai selera)--2 bonggol Brokoli (sy uk.kecil2, siangi, potong perkuntum)--1 bonggol Bunga Kol (sy uk.sedang, potong perkuntum)--1 bonggol Sawi putih (sy uk.kecil, potong2)--1-2 btg Wortel (iris bulat/serong terserah)--Secukupnya Jamur Kancing (bisa pake jamur kuping, iris2 sesuai selera)--1 helai Daun bawang iris2--5 btr Bakso ayam iris2 (bisa pake bakso lain/seafood/daging ayam cincang)--1 siung Bawang Bombay uk.sedang (potong wedges)--5 siung Bawang putih geprek, cincang--¬∞ Bumbu :--1 sdm penuh Saus Tiram (sy Saori)--1/2 sdt Garam (menyesuaikan selera)--1/2 sdt Gula pasir (menyesuaikan selera)--1/4 sdt Royco ayam (boleh gapake)--1/4 sdt Lada bubuk--1 sdm Kecap manis Bango (kalo sy wajib/rutinitas hihihi)--Secukupnya Air Kaldu (sy pake kuah bakso hihi)--"
Tahu Bulat,20 bh Tahu putih--Minyak untuk menggoreng--Bumbu halus :--5 bh Bawang putih--1/2 sdt Merica--2 1/2 sdt Garam--sesuai selera Kaldu bubuk--
Tahu kuning lada garam,"1 bj tahu kuning (sy pakai merk yongfu)--1 bj cabe merah besar--1 bj cabe rawit (krg tahan pedas)--2 siung bawang putih, rajang--1 siung bawang merah, potong tipis2--Secukupnya garam, lada, kaldu jamur--"
Pepes Tahu kekinian,2 tahu cina di hancurkan halus dengan garpu boleh menggunakan tahu putih apa saja tdk mesti tahu cina--3 batang bawang daun diiris 1 ruas jari--2 butir telor--Daun salam dimasukkan ke dalam tiap adonan pepes ketika membungkus--1 sdt gula pasir--1.5 sdt garam--1 sdt penyedap rasa jika suka--Bumbu halus diblender:--10 biji cabe rawit jawa--1 terasi ABC--5 siung bawang merah--3 siung bawang putih--2 batang serai diiris tipis--2 sdm minyak untuk menumis--
Mung tahu',"1 papan tahu sutera--200 gr daging ayam--Daun bawang--B.putih--2 sdm tepung maizena larutkan d air--secukupnya Micin jamur, garam, gula, lada--"
Sapo Tahu Brokoli,1 bungkus tahu telur--1 bonggol brokoli--2 buah wortel (iris tipis)--1/5 kol (lebih enak pakai sawi putih)--1 buah cabai merah besar--4 buah bakso sapi--4 buah bakso ikan (optional)--2 siung bawang putih--1/2 bawang bombay--1 ruas jahe (geprek)--1 sachet saus tiram (Saori)--1 sdm kecap asin--1 sdt gula pasir--1/2 sdt garam--1 sdt lada bubuk--1 sdm tepung maizena--1 gelas air putih--Minyak sayur--
Tahu isi Enak,5 bh tahu dibelah dua--1 bh bengkuang--1 bh wortel--1/2 bombay iris halus--4 siung bawang putih--150 gr udang cincang--tepung bumbu sajiku--secukupnya Garam Gula merica--Sambal cocolan:--2 siung bawang putih--1 bh cabe rawit merah--1 sdt saos cabe abc--2 sdm perasan air jeruk nipis/lemon--1/2 sdt gula--Sedikit air--
Balado Tongkol & Tahu,1 buah ikan tongkol sedang (iris menjadi 10 Bagian)--5 buah tahu ukuran lecil--2 lembar daun jeruk--secukupnya Gula & garam--Bumbu halus :--5 buah bawang merah--2 buah bawang putih--10 Cabe Merah--5 cabe rawit--1 buah tomat--1 buah Gula merah ukuran sedang--
Tahu cabe garam,3 potong tahu (iris kotak kecil)--1 butir telur--Secukupnya tepung bumbu serbaguna--2 siung bawang merah--3 siung bawang putih--4 biji cabe rawit (sesuai selera)--2 batang daun bawang (sy pke daun seledri krn cm itu yg ada üòÖ)--
Orak arik telur buncis,1 buah telur--10 buncis--3 bawang merah--2 bawang putih--6 cabe rawit--1 sdm kecap manis--Penyedap (garam gula atau penyedap lainnya)--
Terik ayam tempe telor,4 sayap ayam--4 buah telor--1/2 papan tempe--Bumbu halus:--5 siung bawang merah--4 siung bawang putih--2 butir kemiri--1/2 sdm ketumbar--secukupnya Garam--Bumbu lain:--2 cm lengkuas--1 lembar daun salam--1 batang sereh--secukupnya Gula jawa--Bawang goreng--Minyak untuk menumis--1 bungkus santan kara--secukupnya Air--5 buah cabe rawit--
Telur Kornet,1/2 kaleng kornet--2-3 buah bawang prei--2 buah telur--1 sdm tepung terigu--secukupnya Cabe rawit--2 jumput Garam--1/2 sdt Merica--1/2 sdm Saus tiram--
Tahu telur surabaya,1 butir telur--1 potong tahu putih goreng setengah matang--1/2 siung bawang putih goreng--1 sdm petis udang--3 sdm kacang tanah goreng--secukupnya Gula merah--secukupnya Air--Kucai secukupnya / seledri--secukupnya Bawang goreng--secukupnya Garam--Kecap manis--4 buah cabai rawit goreng--Tauge--Acar--
Telur ceplok masak kecap,4 butir telur--4 siung bwng merah--2 siung bwng putih--1 buah tomat--4 buah cabe merah besar--secukupnya Kecap bango--
Sambal telur ayam,1/2 kg telur--6 cabe merah besar--10 cabe rawit--Sejumput lada--Garam--Gula putih--Kecap manis--3 bawang putih--6 bawang merah--
Telur Dadar Padang,"3 btr telur ayam(lebih enak pakai telur bebek)--4 sdm kelapa parut,sangrai(asli : 3 sdm)--2 sdm tepung beras,larutkan dengan sedikit air--1/2 lbr daun kunyit,buang tulangnya,iris halus(skip)--2 btg daun bawang,iris halus--Secukupnya garam dan kaldu bubuk(optional)--Bumbu halus :--3 bh cabe merah,giling/iris halus(aku tambah 5 bh cabe rawit)--5 btr bawang merah--3 siung bawang putih--1/2 ruas kunyit--1 sdt kari bubuk(aku pakai Baba's)--1 sdt ketumbar bubuk--1/2 sdt lada bubuk--"
Ceplok Telor saus Asam Manis,"2 btr telur--1 ruas wortel iris korek api--1 siung bwg putih geprek cacah halus--1/2 siung bwg bombay iris tipis--1 sdm saus tomat--1 sdm saus sambel--Sejumput garam, merica n kaldu bubuk--Seujung sdt gula--30 ml air--"
Potatoes cheese with egg,"250 gr kentang kupas dan potong bulat"" goreng setengah matang--2 bh sosis potong bulat--50 ml susu segar--50 gr keju cheedar parut--50 gr keju mozarela parut--3 butir telur kocok--lada dan garamsecukupnya--"
TTKK (tahu telur timun tauge kuah kacang),1 butir telur--1 tahu--secukupnya Timun--secukupnya Tauge--Kuah kacang :--Kacang tanah disangrai--Bawang merah--Bawang putih--Cabe kering--Cabe rawit--Gula merah--
Semur kering telur kentang,2-4 butir telur--2 buah kentang--3 siung bawang merah--3 siung bawang putih--secukupnya Kemiri--3 buah cabai merah (sesuai selera)--secukupnya Air--secukupnya Gula pasir--secukupnya Lada bubuk--Penyedap makanan--secukupnya Kecap--1 daun salam--
Kari tahu telur kentang,"4 butir telur rebus--4 buah tahu, potong 8 bagian lalu goreng berkulit--2 buah kentang, potong 4 bagian--1 bks santan kara ukuran kecil--1000 ml air / kaldu--5 buah cengek utuh (tambahan dari saya)--Haluskan :--1 buah cabe merah buang biji--5 siung bawang merah--2 siung bawang putih--1 sdm bumbu kari instant--2 butir kemiri--1/4 sdt ketumbar--1/2 sdt merica bubuk--1/8 sdt pala bubuk--2 ruas jari kunyit--Rempah cemplung--1 batang sereh, geprek--2 cm lengkuas--1 cm jahe--2 lembar daun jeruk--1 lembar daun salam--Secukupnya asam jawa--Garam / kaldu bubuk--Gula pasir--"
Buncis Cah Telur,20 bh buncis iris tipis2--4 siung bawang putih cincang--1/4 bawang Bombay iris halus--2 bh cabe merah iris halus--5 bh bakso iris tipis / bs ganti dgn sosis--secukupnya Kaldu Ayam--secukupnya Air panas--1-2 btr telur--
Telur cah tomat,2 butir telur--1 buah tomat (potong2)--2 siung bawang merah (iris)--1/2 siung bawang bombay (iris)--2 buah cabe rawit merah/sesuai selera (iris)--Secukupnya daun bawang--Garam--Merica--Gula--
Cah sawi putih campur telur,"1 buah sawi putih potong sesuai selera--2 butir telur kocok lepas--3 siung bawang putih geprek--10 buah cabe merah iris--secukupnya Air--secukupnya Garam, gula--"
Telur Tahu Kukus Goreng,2 butir telur--3 buah tahu putih--2 tangkai daun bawang--1/2 buah wortel (aku lagi gak ada)--1 siung bawang putih--sedikit lada--secukupnya garam--secukupnya penyedap rasa--
Telor Sambal Ebi,4 Butir Telor Ayam--5 Bawang Merah--2 Bawang Putih--5 Cabai Rawit--Serai Geprek--Merica Bubuk--Garam--Gula--
Telur Dadar Daging,"200 gr daging giling--1 bh wortel, parut--2 siung bawang putih, cincang--1/2 bh bawang bombay, cincang--4 btr telur--1 btng seledri, iris halus--Garam, gula, merica, penyedap sckpnya--"
Telur gulung (jajanan SD),telur ayam--sedikit air--garam--lada--masako (skip)--tusukan kayu--
Pangsit Goreng Isi Bihun Telur,1 bidang bihun--secukupnya Kubis--3 tangkai seledri--1 buah wortel--1 butir telur--5 butir bawang merah--3 butir bawang putih--secukupnya Saos tiram--secukupnya Kecap--secukupnya Garam--Kulit pangsit--
Orek tempe manis pedas super simple,Tempe (saya beli 3000 saja)--3 buah cabe gendot--3 buah cabe keriting--3 buah cabe rawit merah--2 siung bawang merah--1 siung bawang putih--Kecap--Saus tiram--Saus tomat--Kaldu bubuk--Garam--Gula--
Terik ayam tempe telor,4 sayap ayam--4 buah telor--1/2 papan tempe--Bumbu halus:--5 siung bawang merah--4 siung bawang putih--2 butir kemiri--1/2 sdm ketumbar--secukupnya Garam--Bumbu lain:--2 cm lengkuas--1 lembar daun salam--1 batang sereh--secukupnya Gula jawa--Bawang goreng--Minyak untuk menumis--1 bungkus santan kara--secukupnya Air--5 buah cabe rawit--
Penyet Tempe Sambel Korek Kemangi,2 buah tempe--1 genggam Daun kemangi--15 cabe rawit--2 siung bawang putih--Gula--Garam--
Nugget tempe,"1 papan tempe dihaluskan(saya kukus dlu)--1 buah wortel (parut kasar)--2 batang daun bawang (di iris kasar)--1 butir telur--3 butir bawang merah (di iris lalu di goreng)--3 butir bawang putih (di haluskan)--5 sdm tepung terigu--Secukupnya garam,lada & penyedap rasa--secukupnya Tepung panir--secukupnya Minyak goreng--"
Tempe tepung sajiku,1 potong tempe 3000--1 bngkus sajiku tepung serbaguna--secukupnya Air--Minyak untuk manggoreng--
Patty Tempe,"250 gram tempe, kukus, haluskan--150 gram daging sapi/ ayam (sy: 200 gr daging sapi)--5 sdm tepung panir (sy: tepung kobe putih)--2 butir telur--1 buah bawang bombay ukuran sedang, potong kotak kecil--4 siung bawang putih, memarkan lalu cincang--1/4 sdt merica bubuk--1/2 sdt garam--"
Orek tempe basah bumbu ulek (recook),"1 papan tempe, potong sesuai selera (sy 1/2 papan tempe+4 tahu)--3 cabe ijo, iris (sy lombok merah utuh)--Secukupnya kecap manis--Secukupnya gula, garam, penyedap (sy garam aja)--Secukupnya air--Bumbu halus:--5 butir bawang merah--2 siung bawang putih--1/2 buah tomat--3 cabe merah keriting/cabe rawit (sy skip)--2 butir kemiri--1/4 sdt ketumbar--"
Perkedel Tempe,"1/2 potong papan tempe (haluskan dgn sedikit air)--bumbu halus: ulek kasar--6 siung bawang merah--2 siung bawang putih--2 cabai rawit--1 sdt ketumbar bubuk--secukupnya garam, ebi--1/2 bungkus tepung racik bakwan--"
Perkedel Tempe,"300 g tempe--1 butir telur, kocok lepas--1 btg daun bawang, iris2--1 sdt seledri, iris halus--Secukupnya gula, garam, lada bubuk--Bumbu yg digoreng/ditumis & dihaluskan:--3 siung bawang putih--4 buah bawang merah--"
Nugget Tempe Simple,"1 papan tempe--1 buah wortel--1 butir telur (kocok lepas)--5 siung bawang merah--2 siung bawang putih--2 batang daun bawang--1 sdt garam--Secukupnya: tepung terigu, merica, tepung roti & kaldu bubuk--"
Sarden ikan pindang tempe pedas adam manis,2 ikan pindang ukuran sedang/besar--1 papan tempe kecil iris serong--2 buah cabe keriting--6 cabe rawit--2 siung bawang putih iris--4 siung bawang merah iris--1 sachet saos pedas (saya merk ABC)--1 sdm saos tomat--2 sdt garam (sesuai selera)--1 sdm gula--2 tangkai daun bawang--1 ruas jahe--1 ruas lengkuas--1 lembar daun salam--1 buah tomat--
Tempe Isi Kekinian,1 papan tempe bulat--1/4 tepung terigu--Garam--Gula--Merica--Ketumbar bubuk--Daun bawang--‚§µ Isian tempe--5 buah cabe merah--10 buah cabe hijau--3 buah bawang merah--2 buah bawang putih--
Sayur Lodeh Tempe Semangit (Bumbu Ulek),"1 buah labu siam, potong tipis--1 buah terong ungu, potong kecil--1 ikat kacang panjang, potong-potong--1 papan tempe semangit, potong kasar--1 bungkus santan kara cair--3 lembar daun salam--1 ruas lengkuas, geprek--1.5 sdm ebi, seduh, tiriskan--2 buah gula jawa, sisir halus--Sesuai selera garam dan gula--Bumbu Halus:--5 siung bawang merah--2 siung bawang putih--3 buah cabe merah--"
Tempe mendoan,8 ptg tempe mendoan--10 sdm Tepung terigu -+--3 Bawang putih--sndk teh Merica stg--sndk teh Ketumbar stng--Garam sckupnya--2 batang Daun bawang--Air kira2--
Bacem tempe mentega,2 buah tempe ukuran sedang--Bumbu bumbu:--4 butir bawang merah--4 siung bawang putih--Sedikit ketumbar--2 Biji gula jawa--2 sm mentega--3 sm kecap manis sedang--sesuai selera Penyedap rasa--secukupnya Garam--2 lbr daun salam--1 cm laos--600 ml air--
Sayur tempe mix tahu alaala kari,1/4 tempe dari 1 papan--5 buah tahu--2 keris pete--3 buah wortel ukuran sedang--800 ml Santan--Bumbu:--4 bawang merah--3 bawang putih--3 cm kunyit--2 cm jahe--2 butir kemiri--1/2 sdt ketumbar--1 sdm garam--secukupnya Gula--Penyedap rasa saya pakai royco ayam--Bumbu pelengkap:--3 cm laja--2 lbr daun salam--3 lbr daun jeruk--Minyak untuk menumis bumbu--
Tempe goreng segitiga,Tempe secukupnya lalu potong bentuk segitiga--1 sdm tepung ayam (merk apa saja)--1 sdt baking powder--Bumbu halus--3 siung bawang merah--4 siung bawang putih--Sedikit kemiri--iris Daun bawang--Sedikit kunyit bubuk--Secukupnya garam dan penyedap rasa--
Tempe Goreng Tepung,1/4 Tempe--Terigu--Ketumbar Bubuk--Garam--Masako Ayam--1 lembar Daun Bawang--
Tumis Tempe Jamur,"Secukupnya tempe, potong dadu--Secukupnya jamur kuping, iris iris--Secukupnya jamur enoki--4 bh cabai rawit--2 bh cabai merah--1/2 bh tomat hijau--"
Nugget tempe,sesuai selera Tempe--Daun bawang--Telur--Bumbu halus :--Ketumbar--Merica--Bawang putih--Bawang merah--Garam--Penyedap rasa--Kemiri--Adonan menggoreng:--Tepung roti--Telur--
Lumpia udang kulit tahu ala fe',"50 gram ayam potong kotak kecil--200 gram udang besar potong kecil--1 lembar daun bawang iris halus--1/2 sendok teh garam halus/sesuai selera--1/2 sendok teh gula--1/4 sendok teh merica bubuk--1 sendok teh kecap ikan--1 sendok teh saus raja rasa--1 sendok teh saus tiram--1 sendok teh minyak wijen--1 sendok makan tepung sagu--1 sendok teh tepung terigu--1 butir telur ambil bagian putihnya saja, kocok lepas--2 lembar kembang tahu kering / kulit tahu direndam sebentar--"
Bakso Ayam Udang Keto,"400 gr ayam giling--250 gr udang kupas--3 telur ayam utuh kocok--30 ml minyak goreng--1/2 sdt baking powder--secukupnya garam, lada--2 sdm bawang goreng haluskan--secukupnya Bawang merah & putih--1/2 sdt minyak wijen--Karageenan secukupnya (pengenyal)--Es batu 8 keping kotak--"
Udang ala pop corn,1/4 kg udang basah ukuran sedang--1 bungkus kobe tepung ayam super crispy--secukupnya Air matang--Minyak untuk menggoreng--
Bakwan Udang Sederhana,1/2 kg Tepung terigu (sudah di ayak)--1/2 Udang segar--1 btr Telur--4 siung bawang putih--1 sdm garam--1/2 sdm picin--1/2 bks penyedap rasa--1/2 sdm Merica bubuk--1/2 Ltr Air putih es--Minyak Makan--Daun Bawang (cincang)--Wortel (potong potong kecil)--
Udang Goreng Tepung Mayonaise,300 gr udang (buang kepalanya)--Jeruk nipis--Tepung bumbu Kobe--Sedikit garam--Bahan saos:--Mayonaise 2 sachet @30 ml (saya pakai mayumi)--1-2 sdm saos sambal/tomat--1 sdm susu kental manis--
Udang saus asam manis,1 Kg Udang mutiara--7 siung bawang merah--4 siung bawang putih--4 buah cabai merah--3 ruas jahe--3 ruas lengkuas--5 sdm saus cabai--10 sdm saus tomat--2 sdm saus tiram--5 sdm minyak sayur--1 sdt lada bubuk--1 1/2 sdt Garam (secukupnya)--100 ml air--
Tekwan Kuah Udang,Untuk Tekwan :--1/4 ekor ikan tenggiri üå∏--2 butir putih telur üå∏--1 sdm kaldu bubuk üå∏--2 sdt garam üå∏--1 sdt gula (aku pakai brown sugar) üå∏--1 sdt lada üå∏--100 ml air dingin üå∏--20 ml minyak sayur üå∏--200 g tepung kanji üå∏--1 liter Air untuk merebus--2 sdm minyak sayur untuk rebusan--Untuk Kuah Tekwan :--1/2 kg Udang--10 butir bawang putih--10 buah Jamur kuping--Bahan Tambahan :--Bihun \ soun--Daun bawang--Sambal cair--
Sambal udang goreng,1/4 kg udang--2 buah jeruk nipis--Minyak goreng--Garam--Gula pasir--Penyedap rasa--Daun jeruk--Bumbu dihaluskan:--6 siung bawang merah--4 siung bawang putih--1 buah tomat--8 cabe merah (sesuai selera)--5 cabe rawit (sesuai selera)--
Udang asam manis oregano,1/2 kg udang vaname--1 bh bawang bombai--2 siung bawang putih--1 sdm oregano kering--4-6 sdm saos tomat--1 sdm saos sambal--1 sdm gula--sedikit garam--sedikit air--minyak untuk menumis--
Tumis buncis pakai udang,1/4 kg Buncis (iris serong)--4 bh bawang putih (geprek cincang)--Cabai merah keriting (sesuai selera)--10 bh udang (kupas)--1/2 sdt Kaldu jamur /royco--Sejumput gula pasir--secukupnya Garam--1 sdt kecap ikan--secukupnya Lada--150 ml air--
Udang saos padang,800 gr udang--secukupnya Jahe memarkan--secukupnya Lengkuas memarkan--3 sdm saos sambal--3 sdm saos tiram--1 buah tomat--secukupnya Air--secukupnya Minyak--Garam--Gula--Bumbu halus--6 siung bawang putih--8 siung bawang merah--6 buah cabai merah besar--10 buah cabai--secukupnya Merica--
Udang Goreng Mentega,200 gr udang--1/2 buah bawang bombai--2 buah bawang putih--5 buah bawang merah--4 sdm mentega--1 sdt saus tiram--1 sdt saus pedas--1 sdt saus tomat--1 jumput garam--
Udang goreng mentega,1/2 udang--10 buah cabe hijau--5 siung bawang merah--secukupnya Mentega--secukupnya Garam--secukupnya Penyedap rasa--secukupnya Gula--Perasan jeruk nipis--
Udang pete balado,"250 gr udang ukuran sedang, kupas, buang kepala dan kulitnya--1 papan petai, buka, bersihkan dr kulitnya, potong mjd 2--4 siung bawang merah--3 siung bawang putih--2 butir kemiri--10 buah cabe merah keriting--Garam secukupnyag--secukupnya Gula pasir--1 ruas jari lengkuas, bersihkam, geprek--1 lembar daun salam--Minyak goreng--1 buah jeruk nipis, belah 2, peras ambil airnya--"
Bakso udang debm,500 gram udang--1 sdm tepung keto--1 butir putih telur--1 sdm minyak wijen (opsional)--3 biji bawang putih--Secukupnya garam--3 cube es batu--Secukupnya air es--
Oseng Udang Pedas üç§üå∂Ô∏è,1 Kg Udang Ukuran Sedang--5 Butir Bawang Merah (Rajang)--3 Butir Bawang Putih (Rajang)--2 Buah Tomat Segar Ukuran Sedang (Iris)--20 Buah Cabe Rawit Iris (Sesuai Selera)--Secukupnya Lada bubuk--Secukupnya royco bubuk--Secukupnya Gula garam--
Udang Goreng Tepung,250 gr udang kupas--9 sdm tepung terigu--3 sdm tepung kanji--1/2 sdt merica bubuk--Bahan Perendam:--1 butir telur--1/2 sdt merica--1 siung bawang putih--1/2 sdm saos tiram--secukupnya Garam--
Udang goreng tepung,1/5 kg udang besar--2 bungkus Sasa tepung bumbu yg oriental--Minyak untu menggoreng--Saos sambal(cocolan)--Penyedap rasa--Adonan basah;--4 sendok tepung bumbu--Air es--Adonan kering;--Tepung bumbu--Penyedap rasa--
Udang asam manis,1/2 kg udang jerbung--5 siung bawang putih--Secukupnya saos tomat--Secukupnya saos cabai--1 sdm tepung maizena larutkan dg air--2 sdm Margarin--Gula garam dan penyedap--Secukupnya minyak goreng--1/2 Bks Saori--3 lbr daun salam--5 lbr daun jeruk--1 ruas jahe--1 buah jeruk nipis--
Udang Saus Telor Asin,"500 gr Udang, kupas & sisakan ekornya--2 sdt Air jeruk nipis--1/4 sdt Garam--1/4 sdt Merica--6 sdm Tepung Maizena--3 btr Kuning telur asin, haluskan--50 ml Air panas--1/4 sdt Kaldu bubuk, bisa diskip bila dirasa asinnya pas--3 bh Bawang putih, cincang halus--1/4 sdt Gula--1 btg Daun bawang iris halus--secukupnya Minyak goreng--2 sdm Margarin--"
